No,Time,Source,Destination,Protocol,Length,Info
1,0,fe80::34bf:873f:1f07:7c0f,ff02::1:ffdf:50b,ICMPv6,86,Neighbor Solicitation for fe80::c89f:93e0:d4df:50b from 0a:00:27:00:00:0e
2,36.078712,192.168.84.1,239.255.255.250,SSDP,216,M-SEARCH * HTTP/1.1 
3,37.080471,192.168.84.1,239.255.255.250,SSDP,216,M-SEARCH * HTTP/1.1 
4,38.080989,192.168.84.1,239.255.255.250,SSDP,216,M-SEARCH * HTTP/1.1 
5,39.082785,192.168.84.1,239.255.255.250,SSDP,216,M-SEARCH * HTTP/1.1 
